Episode,Profit,Epsilon,Trades,Loss
1,0.0853400000000002,0.6498078359349755,69,0.004895983729511499
2,0.07482000000000055,0.3578751580867638,73,0.007100634276866913
