Episode,Profit,Epsilon,Trades,Loss
1,0.4466599999999912,0.32490391796748774,90,0.005176520440727472
2,0.09605999999999315,0.1789375790433819,68,0.002730564447119832
